{"error_landmark_range": false, "error_landmark_visibility": false, "error_gis_recall": false, "error_gis_position": false, "ftol": 0.0001, "gis": true, "gps": 10, "osd": 0.4138701883775655, "osa": 0.030939683817614565, "ls": 0.2805516252334413}