{"error_landmark_range": true, "error_landmark_visibility": true, "error_gis_recall": true, "error_gis_position": true, "ftol": 0.0001, "gis": true, "gps": 10, "osd": 0.5629269993969817, "osa": 0.083504615778089, "ls": 0.4635182130463719}