{
    "traffic_signals": [
        [
            574801.7591619709,
            6222515.818917768
        ],
        [
            575038.1905679752,
            6222610.190913892
        ],
        [
            574796.0904660223,
            6222471.6689196825
        ],
        [
            575046.7318026691,
            6222608.32546742
        ],
        [
            575029.1920223422,
            6222616.523622217
        ],
        [
            575030.4262068247,
            6222622.000131584
        ],
        [
            575037.9011997374,
            6222663.643934796
        ],
        [
            575003.0220001587,
            6222230.971683756
        ],
        [
            574783.3953927195,
            6222480.409045807
        ],
        [
            574782.2663136281,
            6222492.757493216
        ],
        [
            574792.5569179169,
            6222512.107098201
        ],
        [
            574781.4900382832,
            6222501.271402661
        ],
        [
            574815.7034290574,
            6222511.709482184
        ],
        [
            574816.2479167145,
            6222505.796524009
        ],
        [
            574817.5570805433,
            6222494.531073287
        ],
        [
            574806.4642242601,
            6222476.280651455
        ]
    ],
    "tree": [
        [
            574885.7687364727,
            6222452.995812633
        ],
        [
            574916.2946141518,
            6222448.964881147
        ],
        [
            574942.7877356058,
            6222440.967302211
        ],
        [
            574886.2033927457,
            6222634.462361213
        ],
        [
            574874.5439719069,
            6222629.471727383
        ],
        [
            574862.0495909351,
            6222626.025086673
        ],
        [
            574852.5317208293,
            6222622.964432759
        ],
        [
            574794.6106563375,
            6222612.045498674
        ],
        [
            574776.419378181,
            6222610.948847401
        ],
        [
            574882.7678701736,
            6222667.465727575
        ],
        [
            574860.6121923457,
            6222658.506740864
        ],
        [
            574803.1906287429,
            6222647.485076781
        ],
        [
            574783.0520476854,
            6222644.016597514
        ],
        [
            574796.4381023144,
            6222400.449611919
        ],
        [
            574839.4742551963,
            6222455.972363532
        ],
        [
            574812.5799156202,
            6222373.011501934
        ],
        [
            574863.485901637,
            6222433.458795023
        ],
        [
            574823.5392999497,
            6222354.054972476
        ],
        [
            574885.6161570554,
            6222415.476793025
        ],
        [
            574891.1234536024,
            6222391.972211459
        ],
        [
            574903.9919546234,
            6222370.488768899
        ],
        [
            574913.9208159329,
            6222346.504851613
        ],
        [
            574895.8850926006,
            6222681.499146641
        ],
        [
            574898.9365372453,
            6222638.46986815
        ],
        [
            574901.3193457471,
            6222623.037393953
        ],
        [
            574904.2439600364,
            6222605.053924458
        ],
        [
            574906.9122843316,
            6222587.511276306
        ],
        [
            574814.3527811684,
            6222684.528288983
        ],
        [
            574812.3239057316,
            6222669.018773763
        ],
        [
            574790.6846959224,
            6222573.458733931
        ],
        [
            574841.9217749658,
            6222682.449102778
        ],
        [
            574840.5511388524,
            6222671.960667584
        ],
        [
            574839.8970267165,
            6222656.029842868
        ],
        [
            574836.8219994552,
            6222615.008740091
        ],
        [
            574833.8340082932,
            6222597.478629554
        ],
        [
            574830.9605418035,
            6222580.507143893
        ],
        [
            574826.8890314796,
            6222564.516668025
        ],
        [
            574824.7455408229,
            6222552.010910182
        ],
        [
            574821.8039824042,
            6222542.496984416
        ],
        [
            575156.4017355244,
            6222679.0456129145
        ],
        [
            575017.3255608629,
            6222571.518909718
        ],
        [
            575014.500728776,
            6222566.014568763
        ],
        [
            575018.4170937139,
            6222601.48433161
        ],
        [
            574991.3319262168,
            6222582.97581354
        ],
        [
            574986.7400842373,
            6222578.999122777
        ],
        [
            574978.0456542392,
            6222571.499612785
        ],
        [
            574966.5727090343,
            6222562.949606415
        ],
        [
            574955.2841726283,
            6222554.514181153
        ],
        [
            574953.2206958705,
            6222541.00782809
        ],
        [
            574959.0152671124,
            6222525.969013201
        ],
        [
            574966.36323041,
            6222510.957371553
        ],
        [
            574971.7656138343,
            6222497.02495932
        ],
        [
            574977.9331108781,
            6222481.992690185
        ],
        [
            574996.6954575586,
            6222489.556999796
        ],
        [
            574886.318897749,
            6222510.448866513
        ],
        [
            574895.0724617285,
            6222571.496309244
        ],
        [
            574881.6091445817,
            6222563.023083347
        ],
        [
            574866.1672213234,
            6222553.95872125
        ],
        [
            574850.9019176898,
            6222545.454123048
        ],
        [
            574840.12957093,
            6222539.477160156
        ],
        [
            574833.042479571,
            6222536.013697195
        ],
        [
            575011.9119605875,
            6222685.531896539
        ],
        [
            574992.1609953656,
            6222663.478000729
        ],
        [
            574952.1203618295,
            6222675.0233669225
        ],
        [
            574963.9514523823,
            6222655.971109324
        ],
        [
            574973.7942531207,
            6222640.446491609
        ],
        [
            574927.5575198967,
            6222658.006570257
        ],
        [
            574930.447331095,
            6222638.463963293
        ],
        [
            574933.2205580536,
            6222622.03640775
        ],
        [
            574935.8792659013,
            6222605.050229099
        ],
        [
            574989.4106759104,
            6222436.995685406
        ],
        [
            574989.1923167151,
            6222413.947681774
        ],
        [
            574983.3332110998,
            6222390.021737442
        ],
        [
            574984.2778743708,
            6222367.99600075
        ],
        [
            575059.8506156574,
            6222407.502904174
        ],
        [
            575248.311971606,
            6222428.284915819
        ],
        [
            574957.4776859564,
            6222617.4509178335
        ],
        [
            574938.7292263071,
            6222506.021204031
        ],
        [
            575191.2620208785,
            6222364.051435987
        ],
        [
            575134.3853846709,
            6222491.968147577
        ],
        [
            574847.3897920529,
            6222654.045505791
        ],
        [
