{
    "traffic_signals": [
        [
            574801.7591619709,
            6222515.818917768
        ],
        [
            575038.1905679752,
            6222610.190913892
        ],
        [
            574796.0904660223,
            6222471.6689196825
        ],
        [
            575046.7318026691,
            6222608.32546742
        ],
        [
            575029.1920223422,
            6222616.523622217
        ],
        [
            575030.4262068247,
            6222622.000131584
        ],
        [
            575037.9011997374,
            6222663.643934796
        ],
        [
            575003.0220001587,
            6222230.971683756
        ],
        [
            574783.3953927195,
            6222480.409045807
        ],
        [
            574782.2663136281,
            6222492.757493216
        ],
        [
            574792.5569179169,
            6222512.107098201
        ],
        [
            574781.4900382832,
            6222501.271402661
        ],
        [
            574815.7034290574,
            6222511.709482184
        ],
        [
            574816.2479167145,
            6222505.796524009
        ],
        [
            574817.5570805433,
            6222494.531073287
        ],
        [
            574806.4642242601,
            6222476.280651455
        ]
    ],
    "bench": [
        [
            574810.9443066013,
            6222555.054094944
        ],
        [
            574797.1858348285,
            6222433.470352646
        ]
    ],
    "bin": [
        [
            574797.1858348285,
            6222433.470352646
        ]
    ],
    "\"tree\"": [
        [
            574899.2844529442,
            6222529.277717828
        ],
        [
            574891.0318338005,
            6222524.224117751
        ],
        [
            574914.0375714527,
            6222529.034562299
        ],
        [
            574942.4145737108,
            6222565.054245698
        ],
        [
            574919.5607147987,
            6222566.146497984
        ],
        [
            574961.0126675703,
            6222597.986405366
        ],
        [
            574979.3179365629,
            6222595.055883415
        ],
        [
            575016.4113469773,
            6222623.402442386
        ],
        [
            575001.838856626,
            6222613.339740164
        ],
        [
            574988.6053611522,
            6222621.591144125
        ],
        [
            575017.6805281041,
            6222646.056948361
        ],
        [
            575024.6531063643,
            6222667.052349255
        ],
        [
            575032.1407804401,
            6222677.080171763
        ],
        [
            575040.2652340261,
            6222684.458497391
        ],
        [
            575043.6111617544,
            6222688.591556647
        ],
        [
            575074.3079831309,
            6222687.13637943
        ],
        [
            575019.6422275801,
            6222362.781323669
        ],
        [
            575020.2306917666,
            6222371.775514587
        ],
        [
            575021.3761403826,
            6222382.683103427
        ],
        [
            575021.6119044663,
            6222393.007017443
        ],
        [
            575023.0981521944,
            6222403.263756555
        ],
        [
            575023.4886251988,
            6222414.336253403
        ],
        [
            575025.3234400665,
            6222423.853219593
        ],
        [
            575026.4731413355,
            6222434.515971703
        ],
        [
            575027.8593191045,
            6222445.516837103
        ],
        [
            575029.6896278368,
            6222455.289773899
        ],
        [
            575031.5918516128,
            6222470.5411406495
        ],
        [
            575058.7238075011,
            6222629.809575605
        ],
        [
            575056.7015166964,
            6222621.781055366
        ],
        [
            575054.1499498583,
            6222610.258807915
        ],
        [
            575052.790902119,
            6222602.330962984
        ],
        [
            575051.2683766169,
            6222594.155342234
        ],
        [
            575049.0543484258,
            6222587.136523871
        ],
        [
            575047.3831443922,
            6222577.867320617
        ],
        [
            575045.8752109236,
            6222568.857023386
        ],
        [
            575044.3093139122,
            6222558.186975389
        ],
        [
            575042.4142946358,
            6222547.500034126
        ],
        [
            575040.3250076383,
            6222538.32370803
        ],
        [
            575038.8935299604,
            6222529.559667102
        ],
        [
            575037.6442238062,
            6222519.975013746
        ],
        [
            575035.9110849878,
            6222509.624884387
        ],
        [
            575034.5630880933,
            6222500.706452619
        ],
        [
            575033.3312932963,
            6222490.1201865375
        ],
        [
            575008.7662793199,
            6222507.992034819
        ],
        [
            575010.1139555979,
            6222516.576477904
        ],
        [
            575011.2998827676,
            6222525.169223673
        ],
        [
            575013.3020570314,
            6222534.3551417375
        ],
        [
            575014.4054636303,
            6222542.690398249
        ],
        [
            575010.2304230074,
            6222471.91509233
        ],
        [
            575011.9503367404,
            6222487.998193443
        ],
        [
            575010.6937490151,
            6222478.825323929
        ],
        [
            575005.8310654778,
            6222437.39428915
        ],
        [
            575004.7640197107,
            6222426.977904067
        ],
        [
            575003.650234835,
            6222419.232491401
        ],
        [
            575002.1266105187,
            6222406.136329459
        ],
        [
            575001.1488886332,
            6222395.231680954
        ],
        [
            575000.2976769046,
            6222382.069357799
        ],
        [
            574999.4390593927,
            6222369.329938964
        ]
    ]
}